Workbook

Sheet 사용법
A1: BvA(예산 대비 실적) 분석 템플릿
A3: [매달 하는 일 — 3단계]
A4: 1. '설정' 시트에서 기준월(노란 칸)을 바꿉니다.
A5: 2. '실적' 시트에 ERP에서 뽑은 해당 월 실적을 붙여넣습니다. (예산은 연초에 한 번만 입력)
A6: 3. 'BvA분석' 시트의 O열(원인, 노란 칸)에 중요 차이 원인을 적으면 P열 코멘트 초안이 완성됩니다.
A7: → '요약' 시트에서 손익 요약과 주요 차이 TOP 20 + 코멘트를 바로 보고에 쓰면 됩니다.
A9: [색 규칙]
A10: 파란 글씨 = 직접 입력하는 숫자 / 검정 글씨 = 수식(건드리지 마세요) / 초록 글씨 = 다른 시트 참조
A11: 노란 칸 = 사용자가 채우거나 바꾸는 칸
A13: [입력 형식 — '예산', '실적' 시트 공통]
A14: A열 계정코드 / B열 계정명 / C열 구분('매출' 또는 '비용') / D~O열 1월~12월 금액
A15: 데이터는 5행부터, 최대 200개 계정까지. 단위는 '설정' 시트의 단위(기본 백만원)에 맞춰 입력하세요.
... A25: • 현재 들어있는 숫자는 모두 샘플입니다. 회사 데이터로 덮어쓰세요.

Sheet 요약
A1: ="BvA 요약 — "&설정!$B$3&"년 "&설정!$B$4&"월 (단위: "&설정!$B$7&")" -> BvA 요약 — 2026년 9월 (단위: 백만원)
A3: [손익 요약]
A4: 구분 | B4: 당월 예산 | C4: 당월 실적 | D4: 차이 | E4: 차이% | F4: 유리/불리 | G4: YTD 예산 | H4: YTD 실적 | I4: YTD 차이 | J4: YTD 차이% | K4: 유리/불리
A5: 매출 | B5: =SUMIFS(BvA분석!$D$5:$D$204,BvA분석!$C$5:$C$204,"매출") -> 1699 | C5: =SUMIFS(BvA분석!$E$5:$E$204,BvA분석!$C$5:$C$204,"매출") -> 1569 | D5: =C5-B5 -> -130 | E5: =IF(B5=0,"n/a",D5/ABS(B5)) -> -0.076515597 | F5: =IF(D5=0,"-",IF(("매출"="매출")=(D5>0),"유리","불리")) -> 불리 | G5: =SUMIFS(BvA분석!$I$5:$I$204,BvA분석!$C$5:$C$204,"매출") -> 14636 | H5: =SUMIFS(BvA분석!$J$5:$J$204,BvA분석!$C$5:$C$204,"매출") -> 14270 | I5: =H5-G5 -> -366 | J5: =IF(G5=0,"n/a",I5/ABS(G5)) -> -0.025006832 | K5: =IF(I5=0,"-",IF(("매출"="매출")=(I5>0),"유리","불리")) -> 불리
A6: 비용 | B6: =SUMIFS(BvA분석!$D$5:$D$204,BvA분석!$C$5:$C$204,"비용") -> 1308 | C6: =SUMIFS(BvA분석!$E$5:$E$204,BvA분석!$C$5:$C$204,"비용") -> 1431 | D6: =C6-B6 -> 123 | E6: =IF(B6=0,"n/a",D6/ABS(B6)) -> 0.094036697 | F6: =IF(D6=0,"-",IF(("비용"="매출")=(D6>0),"유리","불리")) -> 불리 | G6: =SUMIFS(BvA분석!$I$5:$I$204,BvA분석!$C$5:$C$204,"비용") -> 11263 | H6: =SUMIFS(BvA분석!$J$5:$J$204,BvA분석!$C$5:$C$204,"비용") -> 11353 | I6: =H6-G6 -> 90 | J6: =IF(G6=0,"n/a",I6/ABS(G6)) -> 0.0079907662 | K6: =IF(I6=0,"-",IF(("비용"="매출")=(I6>0),"유리","불리")) -> 불리
A7: 영업이익 | B7: =B5-B6 -> 391 | C7: =C5-C6 -> 138 | D7: =C7-B7 -> -253 | E7: =IF(B7=0,"n/a",D7/ABS(B7)) -> -0.64705882 | F7: =IF(D7=0,"-",IF(("매출"="매출")=(D7>0),"유리","불리")) -> 불리 | G7: =G5-G6 -> 3373 | H7: =H5-H6 -> 2917 | I7: =H7-G7 -> -456 | J7: =IF(G7=0,"n/a",I7/ABS(G7)) -> -0.13519122 | K7: =IF(I7=0,"-",IF(("매출"="매출")=(I7>0),"유리","불리")) -> 불리
A8: 영업이익률 | B8: =IF(B5=0,0,B7/B5) -> 0.23013537 | C8: =IF(C5=0,0,C7/C5) -> 0.087954111 | D8: =C8-B8 -> -0.14218126 | E8: %p 차이 | G8: =IF(G5=0,0,G7/G5) -> 0.23045914 | H8: =IF(H5=0,0,H7/H5) -> 0.20441486 | I8: =H8-G8 -> -0.026044286 | J8: %p 차이
A10: ="[당월 주요 차이 TOP 20] 기준: |차이| ≥ "&설정!$B$5&" "&설정!$B$7&" 그리고 |차이%| ≥ "&TEXT(설정!$B$6,"0%")&" (|차이| 큰 순)" -> [당월 주요 차이 TOP 20] 기준: |차이| ≥ 50 백만원 그리고 |차이%| ≥ 10% (|차이| 큰 순) | M10: ="중요 차이 "&COUNTIF(BvA분석!$N$5:$N$204,"●")&"건" -> 중요 차이 3건
A11: 순위 | B11: 계정명 | C11: 구분 | D11: 예산 | E11: 실적 | F11: 차이 | G11: 차이% | H11: 유리/불리 | I11: 코멘트 초안 | N11: 행(자동)
A12: 1 | B12: =IF($N12="","",INDEX(BvA분석!$B$5:$B$204,$N12)) -> 제품매출 | C12: =IF($N12="","",INDEX(BvA분석!$C$5:$C$204,$N12)) -> 매출 | D12: =IF($N12="","",INDEX(BvA분석!$D$5:$D$204,$N12)) -> 1236 | E12: =IF($N12="","",INDEX(BvA분석!$E$5:$E$204,$N12)) -> 1051 | F12: =IF($N12="","",INDEX(BvA분석!$F$5:$F$204,$N12)) -> -185 | G12: =IF($N12="","",INDEX(BvA분석!$G$5:$G$204,$N12)) -> -0.14967638 | H12: =IF($N12="","",INDEX(BvA분석!$H$5:$H$204,$N12)) -> 불리 | I12: =IF($N12="","",INDEX(BvA분석!$P$5:$P$204,$N12)) -> 제품매출: 당월 실적 1,051백만원으로 예산 대비 185백만원(15.0%) 하회 [불리]. 원인: ___ | N12: =IF(1>COUNT(BvA분석!$Q$5:$Q$204),"",IF(LARGE(BvA분석!$Q$5:$Q$204,1)=0,"",MATCH(LARGE(BvA분석!$Q$5:$Q$204,1),BvA분석!$Q$5:$Q$204,0))) -> 1
A13: 2 | B13: =IF($N13="","",INDEX(BvA분석!$B$5:$B$204,$N13)) -> 원재료비 | C13: =IF($N13="","",INDEX(BvA분석!$C$5:$C$204,$N13)) -> 비용 | D13: =IF($N13="","",INDEX(BvA분석!$D$5:$D$204,$N13)) -> 515 | E13: =IF($N13="","",INDEX(BvA분석!$E$5:$E$204,$N13)) -> 587 | F13: =IF($N13="","",INDEX(BvA분석!$F$5:$F$204,$N13)) -> 72 | G13: =IF($N13="","",INDEX(BvA분석!$G$5:$G$204,$N13)) -> 0.13980583 | H13: =IF($N13="","",INDEX(BvA분석!$H$5:$H$204,$N13)) -> 불리 | I13: =IF($N13="","",INDEX(BvA분석!$P$5:$P$204,$N13)) -> 원재료비: 당월 실적 587백만원으로 예산 대비 72백만원(14.0%) 초과 [불리]. 원인: ___ | N13: =IF(2>COUNT(BvA분석!$Q$5:$Q$204),"",IF(LARGE(BvA분석!$Q$5:$Q$204,2)=0,"",MATCH(LARGE(BvA분석!$Q$5:$Q$204,2),BvA분석!$Q$5:$Q$204,0))) -> 4
A14: 3 | B14: =IF($N14="","",INDEX(BvA분석!$B$5:$B$204,$N14)) -> 광고선전비 | C14: =IF($N14="","",INDEX(BvA분석!$C$5:$C$204,$N14)) -> 비용 | D14: =IF($N14="","",INDEX(BvA분석!$D$5:$D$204,$N14)) -> 62 | E14: =IF($N14="","",INDEX(BvA분석!$E$5:$E$204,$N14)) -> 118 | F14: =IF($N14="","",INDEX(BvA분석!$F$5:$F$204,$N14)) -> 56 | G14: =IF($N14="","",INDEX(BvA분석!$G$5:$G$204,$N14)) -> 0.90322581 | H14: =IF($N14="","",INDEX(BvA분석!$H$5:$H$204,$N14)) -> 불리 | I14: =IF($N14="","",INDEX(BvA분석!$P$5:$P$204,$N14)) -> 광고선전비: 당월 실적 118백만원으로 예산 대비 56백만원(90.3%) 초과 [불리]. 원인: 온라인 캠페인 조기 집행 (10월 예산분 선반영) | N14: =IF(3>COUNT(BvA분석!$Q$5:$Q$204),"",IF(LARGE(BvA분석!$Q$5:$Q$204,3)=0,"",MATCH(LARGE(BvA분석!$Q$5:$Q$204,3),BvA분석!$Q$5:$Q$204,0))) -> 11
A15: 4 | B15: =IF($N15="","",INDEX(BvA분석!$B$5:$B$204,$N15)) | C15: =IF($N15="","",INDEX(BvA분석!$C$5:$C$204,$N15)) | D15: =IF($N15="","",INDEX(BvA분석!$D$5:$D$204,$N15)) | E15: =IF($N15="","",INDEX(BvA분석!$E$5:$E$204,$N15)) | F15: =IF($N15="","",INDEX(BvA분석!$F$5:$F$204,$N15)) | G15: =IF($N15="","",INDEX(BvA분석!$G$5:$G$204,$N15)) | H15: =IF($N15="","",INDEX(BvA분석!$H$5:$H$204,$N15)) | I15: =IF($N15="","",INDEX(BvA분석!$P$5:$P$204,$N15)) | N15: =IF(4>COUNT(BvA분석!$Q$5:$Q$204),"",IF(LARGE(BvA분석!$Q$5:$Q$204,4)=0,"",MATCH(LARGE(BvA분석!$Q$5:$Q$204,4),BvA분석!$Q$5:$Q$204,0)))
A16: 5 | B16: =IF($N16="","",INDEX(BvA분석!$B$5:$B$204,$N16)) | C16: =IF($N16="","",INDEX(BvA분석!$C$5:$C$204,$N16)) | D16: =IF($N16="","",INDEX(BvA분석!$D$5:$D$204,$N16)) | E16: =IF($N16="","",INDEX(BvA분석!$E$5:$E$204,$N16)) | F16: =IF($N16="","",INDEX(BvA분석!$F$5:$F$204,$N16)) | G16: =IF($N16="","",INDEX(BvA분석!$G$5:$G$204,$N16)) | H16: =IF($N16="","",INDEX(BvA분석!$H$5:$H$204,$N16)) | I16: =IF($N16="","",INDEX(BvA분석!$P$5:$P$204,$N16)) | N16: =IF(5>COUNT(BvA분석!$Q$5:$Q$204),"",IF(LARGE(BvA분석!$Q$5:$Q$204,5)=0,"",MATCH(LARGE(BvA분석!$Q$5:$Q$204,5),BvA분석!$Q$5:$Q$204,0)))
A17: 6 | B17: =IF($N17="","",INDEX(BvA분석!$B$5:$B$204,$N17)) | C17: =IF($N17="","",INDEX(BvA분석!$C$5:$C$204,$N17)) | D17: =IF($N17="","",INDEX(BvA분석!$D$5:$D$204,$N17)) | E17: =IF($N17="","",INDEX(BvA분석!$E$5:$E$204,$N17)) | F17: =IF($N17="","",INDEX(BvA분석!$F$5:$F$204,$N17)) | G17: =IF($N17="","",INDEX(BvA분석!$G$5:$G$204,$N17)) | H17: =IF($N17="","",INDEX(BvA분석!$H$5:$H$204,$N17)) | I17: =IF($N17="","",INDEX(BvA분석!$P$5:$P$204,$N17)) | N17: =IF(6>COUNT(BvA분석!$Q$5:$Q$204),"",IF(LARGE(BvA분석!$Q$5:$Q$204,6)=0,"",MATCH(LARGE(BvA분석!$Q$5:$Q$204,6),BvA분석!$Q$5:$Q$204,0)))
A18: 7 | B18: =IF($N18="","",INDEX(BvA분석!$B$5:$B$204,$N18)) | C18: =IF($N18="","",INDEX(BvA분석!$C$5:$C$204,$N18)) | D18: =IF($N18="","",INDEX(BvA분석!$D$5:$D$204,$N18)) | E18: =IF($N18="","",INDEX(BvA분석!$E$5:$E$204,$N18)) | F18: =IF($N18="","",INDEX(BvA분석!$F$5:$F$204,$N18)) | G18: =IF($N18="","",INDEX(BvA분석!$G$5:$G$204,$N18)) | H18: =IF($N18="","",INDEX(BvA분석!$H$5:$H$204,$N18)) | I18: =IF($N18="","",INDEX(BvA분석!$P$5:$P$204,$N18)) | N18: =IF(7>COUNT(BvA분석!$Q$5:$Q$204),"",IF(LARGE(BvA분석!$Q$5:$Q$204,7)=0,"",MATCH(LARGE(BvA분석!$Q$5:$Q$204,7),BvA분석!$Q$5:$Q$204,0)))
A19: 8 | B19: =IF($N19="","",INDEX(BvA분석!$B$5:$B$204,$N19)) | C19: =IF($N19="","",INDEX(BvA분석!$C$5:$C$204,$N19)) | D19: =IF($N19="","",INDEX(BvA분석!$D$5:$D$204,$N19)) | E19: =IF($N19="","",INDEX(BvA분석!$E$5:$E$204,$N19)) | F19: =IF($N19="","",INDEX(BvA분석!$F$5:$F$204,$N19)) | G19: =IF($N19="","",INDEX(BvA분석!$G$5:$G$204,$N19)) | H19: =IF($N19="","",INDEX(BvA분석!$H$5:$H$204,$N19)) | I19: =IF($N19="","",INDEX(BvA분석!$P$5:$P$204,$N19)) | N19: =IF(8>COUNT(BvA분석!$Q$5:$Q$204),"",IF(LARGE(BvA분석!$Q$5:$Q$204,8)=0,"",MATCH(LARGE(BvA분석!$Q$5:$Q$204,8),BvA분석!$Q$5:$Q$204,0)))
A20: 9 | B20: =IF($N20="","",INDEX(BvA분석!$B$5:$B$204,$N20)) | C20: =IF($N20="","",INDEX(BvA분석!$C$5:$C$204,$N20)) | D20: =IF($N20="","",INDEX(BvA분석!$D$5:$D$204,$N20)) | E20: =IF($N20="","",INDEX(BvA분석!$E$5:$E$204,$N20)) | F20: =IF($N20="","",INDEX(BvA분석!$F$5:$F$204,$N20)) | G20: =IF($N20="","",INDEX(BvA분석!$G$5:$G$204,$N20)) | H20: =IF($N20="","",INDEX(BvA분석!$H$5:$H$204,$N20)) | I20: =IF($N20="","",INDEX(BvA분석!$P$5:$P$204,$N20)) | N20: =IF(9>COUNT(BvA분석!$Q$5:$Q$204),"",IF(LARGE(BvA분석!$Q$5:$Q$204,9)=0,"",MATCH(LARGE(BvA분석!$Q$5:$Q$204,9),BvA분석!$Q$5:$Q$204,0)))
A21: 10 | B21: =IF($N21="","",INDEX(BvA분석!$B$5:$B$204,$N21)) | C21: =IF($N21="","",INDEX(BvA분석!$C$5:$C$204,$N21)) | D21: =IF($N21="","",INDEX(BvA분석!$D$5:$D$204,$N21)) | E21: =IF($N21="","",INDEX(BvA분석!$E$5:$E$204,$N21)) | F21: =IF($N21="","",INDEX(BvA분석!$F$5:$F$204,$N21)) | G21: =IF($N21="","",INDEX(BvA분석!$G$5:$G$204,$N21)) | H21: =IF($N21="","",INDEX(BvA분석!$H$5:$H$204,$N21)) | I21: =IF($N21="","",INDEX(BvA분석!$P$5:$P$204,$N21)) | N21: =IF(10>COUNT(BvA분석!$Q$5:$Q$204),"",IF(LARGE(BvA분석!$Q$5:$Q$204,10)=0,"",MATCH(LARGE(BvA분석!$Q$5:$Q$204,10),BvA분석!$Q$5:$Q$204,0)))
A22: 11 | B22: =IF($N22="","",INDEX(BvA분석!$B$5:$B$204,$N22)) | C22: =IF($N22="","",INDEX(BvA분석!$C$5:$C$204,$N22)) | D22: =IF($N22="","",INDEX(BvA분석!$D$5:$D$204,$N22)) | E22: =IF($N22="","",INDEX(BvA분석!$E$5:$E$204,$N22)) | F22: =IF($N22="","",INDEX(BvA분석!$F$5:$F$204,$N22)) | G22: =IF($N22="","",INDEX(BvA분석!$G$5:$G$204,$N22)) | H22: =IF($N22="","",INDEX(BvA분석!$H$5:$H$204,$N22)) | I22: =IF($N22="","",INDEX(BvA분석!$P$5:$P$204,$N22)) | N22: =IF(11>COUNT(BvA분석!$Q$5:$Q$204),"",IF(LARGE(BvA분석!$Q$5:$Q$204,11)=0,"",MATCH(LARGE(BvA분석!$Q$5:$Q$204,11),BvA분석!$Q$5:$Q$204,0)))
A23: 12 | B23: =IF($N23="","",INDEX(BvA분석!$B$5:$B$204,$N23)) | C23: =IF($N23="","",INDEX(BvA분석!$C$5:$C$204,$N23)) | D23: =IF($N23="","",INDEX(BvA분석!$D$5:$D$204,$N23)) | E23: =IF($N23="","",INDEX(BvA분석!$E$5:$E$204,$N23)) | F23: =IF($N23="","",INDEX(BvA분석!$F$5:$F$204,$N23)) | G23: =IF($N23="","",INDEX(BvA분석!$G$5:$G$204,$N23)) | H23: =IF($N23="","",INDEX(BvA분석!$H$5:$H$204,$N23)) | I23: =IF($N23="","",INDEX(BvA분석!$P$5:$P$204,$N23)) | N23: =IF(12>COUNT(BvA분석!$Q$5:$Q$204),"",IF(LARGE(BvA분석!$Q$5:$Q$204,12)=0,"",MATCH(LARGE(BvA분석!$Q$5:$Q$204,12),BvA분석!$Q$5:$Q$204,0)))
A24: 13 | B24: =IF($N24="","",INDEX(BvA분석!$B$5:$B$204,$N24)) | C24: =IF($N24="","",INDEX(BvA분석!$C$5:$C$204,$N24)) | D24: =IF($N24="","",INDEX(BvA분석!$D$5:$D$204,$N24)) | E24: =IF($N24="","",INDEX(BvA분석!$E$5:$E$204,$N24)) | F24: =IF($N24="","",INDEX(BvA분석!$F$5:$F$204,$N24)) | G24: =IF($N24="","",INDEX(BvA분석!$G$5:$G$204,$N24)) | H24: =IF($N24="","",INDEX(BvA분석!$H$5:$H$204,$N24)) | I24: =IF($N24="","",INDEX(BvA분석!$P$5:$P$204,$N24)) | N24: =IF(13>COUNT(BvA분석!$Q$5:$Q$204),"",IF(LARGE(BvA분석!$Q$5:$Q$204,13)=0,"",MATCH(LARGE(BvA분석!$Q$5:$Q$204,13),BvA분석!$Q$5:$Q$204,0)))
A25: 14 | B25: =IF($N25="","",INDEX(BvA분석!$B$5:$B$204,$N25)) | C25: =IF($N25="","",INDEX(BvA분석!$C$5:$C$204,$N25)) | D25: =IF($N25="","",INDEX(BvA분석!$D$5:$D$204,$N25)) | E25: =IF($N25="","",INDEX(BvA분석!$E$5:$E$204,$N25)) | F25: =IF($N25="","",INDEX(BvA분석!$F$5:$F$204,$N25)) | G25: =IF($N25="","",INDEX(BvA분석!$G$5:$G$204,$N25)) | H25: =IF($N25="","",INDEX(BvA분석!$H$5:$H$204,$N25)) | I25: =IF($N25="","",INDEX(BvA분석!$P$5:$P$204,$N25)) | N25: =IF(14>COUNT(BvA분석!$Q$5:$Q$204),"",IF(LARGE(BvA분석!$Q$5:$Q$204,14)=0,"",MATCH(LARGE(BvA분석!$Q$5:$Q$204,14),BvA분석!$Q$5:$Q$204,0)))
A26: 15 | B26: =IF($N26="","",INDEX(BvA분석!$B$5:$B$204,$N26)) | C26: =IF($N26="","",INDEX(BvA분석!$C$5:$C$204,$N26)) | D26: =IF($N26="","",INDEX(BvA분석!$D$5:$D$204,$N26)) | E26: =IF($N26="","",INDEX(BvA분석!$E$5:$E$204,$N26)) | F26: =IF($N26="","",INDEX(BvA분석!$F$5:$F$204,$N26)) | G26: =IF($N26="","",INDEX(BvA분석!$G$5:$G$204,$N26)) | H26: =IF($N26="","",INDEX(BvA분석!$H$5:$H$204,$N26)) | I26: =IF($N26="","",INDEX(BvA분석!$P$5:$P$204,$N26)) | N26: =IF(15>COUNT(BvA분석!$Q$5:$Q$204),"",IF(LARGE(BvA분석!$Q$5:$Q$204,15)=0,"",MATCH(LARGE(BvA분석!$Q$5:$Q$204,15),BvA분석!$Q$5:$Q$204,0)))
A27: 16 | B27: =IF($N27="","",INDEX(BvA분석!$B$5:$B$204,$N27)) | C27: =IF($N27="","",INDEX(BvA분석!$C$5:$C$204,$N27)) | D27: =IF($N27="","",INDEX(BvA분석!$D$5:$D$204,$N27)) | E27: =IF($N27="","",INDEX(BvA분석!$E$5:$E$204,$N27)) | F27: =IF($N27="","",INDEX(BvA분석!$F$5:$F$204,$N27)) | G27: =IF($N27="","",INDEX(BvA분석!$G$5:$G$204,$N27)) | H27: =IF($N27="","",INDEX(BvA분석!$H$5:$H$204,$N27)) | I27: =IF($N27="","",INDEX(BvA분석!$P$5:$P$204,$N27)) | N27: =IF(16>COUNT(BvA분석!$Q$5:$Q$204),"",IF(LARGE(BvA분석!$Q$5:$Q$204,16)=0,"",MATCH(LARGE(BvA분석!$Q$5:$Q$204,16),BvA분석!$Q$5:$Q$204,0)))
A28: 17 | B28: =IF($N28="","",INDEX(BvA분석!$B$5:$B$204,$N28)) | C28: =IF($N28="","",INDEX(BvA분석!$C$5:$C$204,$N28)) | D28: =IF($N28="","",INDEX(BvA분석!$D$5:$D$204,$N28)) | E28: =IF($N28="","",INDEX(BvA분석!$E$5:$E$204,$N28)) | F28: =IF($N28="","",INDEX(BvA분석!$F$5:$F$204,$N28)) | G28: =IF($N28="","",INDEX(BvA분석!$G$5:$G$204,$N28)) | H28: =IF($N28="","",INDEX(BvA분석!$H$5:$H$204,$N28)) | I28: =IF($N28="","",INDEX(BvA분석!$P$5:$P$204,$N28)) | N28: =IF(17>COUNT(BvA분석!$Q$5:$Q$204),"",IF(LARGE(BvA분석!$Q$5:$Q$204,17)=0,"",MATCH(LARGE(BvA분석!$Q$5:$Q$204,17),BvA분석!$Q$5:$Q$204,0)))
A29: 18 | B29: =IF($N29="","",INDEX(BvA분석!$B$5:$B$204,$N29)) | C29: =IF($N29="","",INDEX(BvA분석!$C$5:$C$204,$N29)) | D29: =IF($N29="","",INDEX(BvA분석!$D$5:$D$204,$N29)) | E29: =IF($N29="","",INDEX(BvA분석!$E$5:$E$204,$N29)) | F29: =IF($N29="","",INDEX(BvA분석!$F$5:$F$204,$N29)) | G29: =IF($N29="","",INDEX(BvA분석!$G$5:$G$204,$N29)) | H29: =IF($N29="","",INDEX(BvA분석!$H$5:$H$204,$N29)) | I29: =IF($N29="","",INDEX(BvA분석!$P$5:$P$204,$N29)) | N29: =IF(18>COUNT(BvA분석!$Q$5:$Q$204),"",IF(LARGE(BvA분석!$Q$5:$Q$204,18)=0,"",MATCH(LARGE(BvA분석!$Q$5:$Q$204,18),BvA분석!$Q$5:$Q$204,0)))
A30: 19 | B30: =IF($N30="","",INDEX(BvA분석!$B$5:$B$204,$N30)) | C30: =IF($N30="","",INDEX(BvA분석!$C$5:$C$204,$N30)) | D30: =IF($N30="","",INDEX(BvA분석!$D$5:$D$204,$N30)) | E30: =IF($N30="","",INDEX(BvA분석!$E$5:$E$204,$N30)) | F30: =IF($N30="","",INDEX(BvA분석!$F$5:$F$204,$N30)) | G30: =IF($N30="","",INDEX(BvA분석!$G$5:$G$204,$N30)) | H30: =IF($N30="","",INDEX(BvA분석!$H$5:$H$204,$N30)) | I30: =IF($N30="","",INDEX(BvA분석!$P$5:$P$204,$N30)) | N30: =IF(19>COUNT(BvA분석!$Q$5:$Q$204),"",IF(LARGE(BvA분석!$Q$5:$Q$204,19)=0,"",MATCH(LARGE(BvA분석!$Q$5:$Q$204,19),BvA분석!$Q$5:$Q$204,0)))
A31: 20 | B31: =IF($N31="","",INDEX(BvA분석!$B$5:$B$204,$N31)) | C31: =IF($N31="","",INDEX(BvA분석!$C$5:$C$204,$N31)) | D31: =IF($N31="","",INDEX(BvA분석!$D$5:$D$204,$N31)) | E31: =IF($N31="","",INDEX(BvA분석!$E$5:$E$204,$N31)) | F31: =IF($N31="","",INDEX(BvA분석!$F$5:$F$204,$N31)) | G31: =IF($N31="","",INDEX(BvA분석!$G$5:$G$204,$N31)) | H31: =IF($N31="","",INDEX(BvA분석!$H$5:$H$204,$N31)) | I31: =IF($N31="","",INDEX(BvA분석!$P$5:$P$204,$N31)) | N31: =IF(20>COUNT(BvA분석!$Q$5:$Q$204),"",IF(LARGE(BvA분석!$Q$5:$Q$204,20)=0,"",MATCH(LARGE(BvA분석!$Q$5:$Q$204,20),BvA분석!$Q$5:$Q$204,0)))
A33: [검증] 0이 아니면 실적 시트에 예산에 없는 계정코드가 있습니다.
A34: 실적 시트 당월 합계 | C34: =SUMPRODUCT((실적!$A$5:$A$204<>"")*INDEX(실적!$D$5:$O$204,0,설정!$B$4)) -> 3000
A35: BvA 반영 당월 실적 합계 | C35: =SUM(BvA분석!$E$5:$E$204) -> 3000
A36: 차이 | C36: =C34-C35 -> 0

Sheet 설정
A1: 설정
A3: 연도 | B3: 2026 | C3: 보고서 제목에 표시 (텍스트)
A4: 기준월 | B4: 9 | C4: 1~12 중 선택. 당월 = 이 월, 누적(YTD) = 1월~이 월
A5: 중요 차이 금액기준 | B5: 50 | C5: |차이| 가 이 금액 이상이어야 중요 차이 (단위 기준)
A6: 중요 차이 비율기준 | B6: 0.1 | C6: |차이%| 가 이 비율 이상이어야 중요 차이
A7: 단위 | B7: 백만원 | C7: 표시용

Sheet 예산
A1: 예산 데이터
A2: 연초 확정 예산을 5행부터 붙여넣으세요 (샘플 데이터). 파란 글씨 = 입력값.
A3: ="단위: "&설정!$B$7 -> 단위: 백만원
A4: 계정코드 | B4: 계정명 | C4: 구분 | D4: 1월 | E4: 2월 | F4: 3월 | G4: 4월 | H4: 5월 | I4: 6월 | J4: 7월 | K4: 8월 | L4: 9월 | M4: 10월 | N4: 11월 | O4: 12월 | P4: 연간 합계
A5: 4010 | B5: 제품매출 | C5: 매출 | D5: 1104 | E5: 1080 | F5: 1200 | G5: 1200 | H5: 1224 | I5: 1260 | J5: 1176 | K5: 1164 | L5: 1236 | M5: 1260 | N5: 1272 | O5: 1344 | P5: =IF(A5="","",SUM(D5:O5)) -> 14520
A6: 4020 | B6: 상품매출 | C6: 매출 | D6: 276 | E6: 270 | F6: 300 | G6: 300 | H6: 306 | I6: 315 | J6: 294 | K6: 291 | L6: 309 | M6: 315 | N6: 318 | O6: 336 | P6: =IF(A6="","",SUM(D6:O6)) -> 3630
A7: 4030 | B7: 용역매출 | C7: 매출 | D7: 138 | E7: 135 | F7: 150 | G7: 150 | H7: 153 | I7: 158 | J7: 147 | K7: 146 | L7: 154 | M7: 158 | N7: 159 | O7: 168 | P7: =IF(A7="","",SUM(D7:O7)) -> 1816
A8: 5010 | B8: 원재료비 | C8: 비용 | D8: 460 | E8: 450 | F8: 500 | G8: 500 | H8: 510 | I8: 525 | J8: 490 | K8: 485 | L8: 515 | M8: 525 | N8: 530 | O8: 560 | P8: =IF(A8="","",SUM(D8:O8)) -> 6050
A9: 5020 | B9: 외주가공비 | C9: 비용 | D9: 110 | E9: 108 | F9: 120 | G9: 120 | H9: 122 | I9: 126 | J9: 118 | K9: 116 | L9: 124 | M9: 126 | N9: 127 | O9: 134 | P9: =IF(A9="","",SUM(D9:O9)) -> 1451
A10: 6010 | B10: 급여 | C10: 비용 | D10: 230 | E10: 225 | F10: 250 | G10: 250 | H10: 255 | I10: 262 | J10: 245 | K10: 242 | L10: 258 | M10: 262 | N10: 265 | O10: 280 | P10: =IF(A10="","",SUM(D10:O10)) -> 3024
A11: 6020 | B11: 퇴직급여 | C11: 비용 | D11: 18 | E11: 18 | F11: 20 | G11: 20 | H11: 20 | I11: 21 | J11: 20 | K11: 19 | L11: 21 | M11: 21 | N11: 21 | O11: 22 | P11: =IF(A11="","",SUM(D11:O11)) -> 241
A12: 6030 | B12: 복리후생비 | C12: 비용 | D12: 37 | E12: 36 | F12: 40 | G12: 40 | H12: 41 | I12: 42 | J12: 39 | K12: 39 | L12: 41 | M12: 42 | N12: 42 | O12: 45 | P12: =IF(A12="","",SUM(D12:O12)) -> 484
A13: 6040 | B13: 여비교통비 | C13: 비용 | D13: 14 | E13: 14 | F13: 15 | G13: 15 | H13: 15 | I13: 16 | J13: 15 | K13: 15 | L13: 15 | M13: 16 | N13: 16 | O13: 17 | P13: =IF(A13="","",SUM(D13:O13)) -> 183
A14: 6050 | B14: 접대비 | C14: 비용 | D14: 9 | E14: 9 | F14: 10 | G14: 10 | H14: 10 | I14: 10 | J14: 10 | K14: 10 | L14: 10 | M14: 10 | N14: 11 | O14: 11 | P14: =IF(A14="","",SUM(D14:O14)) -> 120
A15: 6060 | B15: 광고선전비 | C15: 비용 | D15: 55 | E15: 54 | F15: 60 | G15: 60 | H15: 61 | I15: 63 | J15: 59 | K15: 58 | L15: 62 | M15: 63 | N15: 64 | O15: 67 | P15: =IF(A15="","",SUM(D15:O15)) -> 726
A16: 6070 | B16: 지급수수료 | C16: 비용 | D16: 41 | E16: 40 | F16: 45 | G16: 45 | H16: 46 | I16: 47 | J16: 44 | K16: 44 | L16: 46 | M16: 47 | N16: 48 | O16: 50 | P16: =IF(A16="","",SUM(D16:O16)) -> 543
... A20: 6110 | B20: 연구개발비 | C20: 비용 | D20: 74 | E20: 72 | F20: 80 | G20: 80 | H20: 82 | I20: 84 | J20: 78 | K20: 78 | L20: 82 | M20: 84 | N20: 85 | O20: 90 | P20: =IF(A20="","",SUM(D20:O20)) -> 969
P21: =IF(A21="","",SUM(D21:O21))
P22: =IF(A22="","",SUM(D22:O22))
P23: =IF(A23="","",SUM(D23:O23))
P24: =IF(A24="","",SUM(D24:O24))
P25: =IF(A25="","",SUM(D25:O25))
P26: =IF(A26="","",SUM(D26:O26))
P27: =IF(A27="","",SUM(D27:O27))
P28: =IF(A28="","",SUM(D28:O28))
P29: =IF(A29="","",SUM(D29:O29))
P30: =IF(A30="","",SUM(D30:O30))
P31: =IF(A31="","",SUM(D31:O31))
P32: =IF(A32="","",SUM(D32:O32))
... P204: =IF(A204="","",SUM(D204:O204))

Sheet 실적
A1: 실적 데이터
A2: ERP 실적을 5행부터 붙여넣으세요 (샘플: 1~9월). 계정 순서는 예산과 달라도 됩니다.
A3: ="단위: "&설정!$B$7 -> 단위: 백만원
A4: 계정코드 | B4: 계정명 | C4: 구분 | D4: 1월 | E4: 2월 | F4: 3월 | G4: 4월 | H4: 5월 | I4: 6월 | J4: 7월 | K4: 8월 | L4: 9월 | M4: 10월 | N4: 11월 | O4: 12월 | P4: 연간 합계
A5: 4010 | B5: 제품매출 | C5: 매출 | D5: 1081 | E5: 1035 | F5: 1222 | G5: 1138 | H5: 1229 | I5: 1240 | J5: 1114 | K5: 1165 | L5: 1051 | P5: =IF(A5="","",SUM(D5:O5)) -> 10275
A6: 4020 | B6: 상품매출 | C6: 매출 | D6: 274 | E6: 256 | F6: 285 | G6: 297 | H6: 318 | I6: 301 | J6: 284 | K6: 295 | L6: 326 | P6: =IF(A6="","",SUM(D6:O6)) -> 2636
A7: 4030 | B7: 용역매출 | C7: 매출 | D7: 139 | E7: 133 | F7: 159 | G7: 142 | H7: 160 | I7: 154 | J7: 141 | K7: 139 | L7: 192 | P7: =IF(A7="","",SUM(D7:O7)) -> 1359
A8: 5010 | B8: 원재료비 | C8: 비용 | D8: 477 | E8: 433 | F8: 505 | G8: 508 | H8: 502 | I8: 528 | J8: 464 | K8: 459 | L8: 587 | P8: =IF(A8="","",SUM(D8:O8)) -> 4463
A9: 5020 | B9: 외주가공비 | C9: 비용 | D9: 112 | E9: 107 | F9: 117 | G9: 121 | H9: 121 | I9: 123 | J9: 122 | K9: 119 | L9: 120 | P9: =IF(A9="","",SUM(D9:O9)) -> 1062
A10: 6010 | B10: 급여 | C10: 비용 | D10: 232 | E10: 226 | F10: 261 | G10: 257 | H10: 249 | I10: 277 | J10: 234 | K10: 240 | L10: 266 | P10: =IF(A10="","",SUM(D10:O10)) -> 2242
A11: 6020 | B11: 퇴직급여 | C11: 비용 | D11: 17 | E11: 18 | F11: 19 | G11: 20 | H11: 21 | I11: 21 | J11: 21 | K11: 19 | L11: 21 | P11: =IF(A11="","",SUM(D11:O11)) -> 177
A12: 6030 | B12: 복리후생비 | C12: 비용 | D12: 37 | E12: 36 | F12: 40 | G12: 42 | H12: 43 | I12: 42 | J12: 40 | K12: 37 | L12: 42 | P12: =IF(A12="","",SUM(D12:O12)) -> 359
A13: 6040 | B13: 여비교통비 | C13: 비용 | D13: 14 | E13: 15 | F13: 16 | G13: 15 | H13: 15 | I13: 16 | J13: 14 | K13: 15 | L13: 14 | P13: =IF(A13="","",SUM(D13:O13)) -> 134
A14: 6050 | B14: 접대비 | C14: 비용 | D14: 9 | E14: 9 | F14: 10 | G14: 10 | H14: 10 | I14: 10 | J14: 10 | K14: 9 | L14: 10 | P14: =IF(A14="","",SUM(D14:O14)) -> 87
A15: 6060 | B15: 광고선전비 | C15: 비용 | D15: 55 | E15: 56 | F15: 62 | G15: 63 | H15: 59 | I15: 62 | J15: 58 | K15: 61 | L15: 118 | P15: =IF(A15="","",SUM(D15:O15)) -> 594
A16: 6070 | B16: 지급수수료 | C16: 비용 | D16: 39 | E16: 38 | F16: 44 | G16: 44 | H16: 46 | I16: 48 | J16: 43 | K16: 41 | L16: 62 | P16: =IF(A16="","",SUM(D16:O16)) -> 405
... A20: 6110 | B20: 연구개발비 | C20: 비용 | D20: 77 | E20: 73 | F20: 77 | G20: 78 | H20: 80 | I20: 83 | J20: 74 | K20: 81 | L20: 57 | P20: =IF(A20="","",SUM(D20:O20)) -> 680
P21: =IF(A21="","",SUM(D21:O21))
P22: =IF(A22="","",SUM(D22:O22))
P23: =IF(A23="","",SUM(D23:O23))
P24: =IF(A24="","",SUM(D24:O24))
P25: =IF(A25="","",SUM(D25:O25))
P26: =IF(A26="","",SUM(D26:O26))
P27: =IF(A27="","",SUM(D27:O27))
P28: =IF(A28="","",SUM(D28:O28))
P29: =IF(A29="","",SUM(D29:O29))
P30: =IF(A30="","",SUM(D30:O30))
P31: =IF(A31="","",SUM(D31:O31))
P32: =IF(A32="","",SUM(D32:O32))
... P204: =IF(A204="","",SUM(D204:O204))

Sheet BvA분석
A1: ="BvA 분석 — "&설정!$B$3&"년 "&설정!$B$4&"월 (단위: "&설정!$B$7&")" -> BvA 분석 — 2026년 9월 (단위: 백만원)
A2: O열(노란 칸)에 원인을 적으면 P열 코멘트 초안이 완성됩니다. 나머지는 모두 자동 계산.
A3: 계정 | D3: 당월 | I3: 누적 (YTD) | N3: 코멘트
A4: 계정코드 | B4: 계정명 | C4: 구분 | D4: 예산 | E4: 실적 | F4: 차이 (실적−예산) | G4: 차이% | H4: 유리/불리 | I4: 예산 | J4: 실적 | K4: 차이 | L4: 차이% | M4: 유리/불리 | N4: 중요 차이 | O4: 원인 (입력) | P4: 코멘트 초안 | Q4: 정렬용 (자동)
A5: =IF(예산!A5="","",예산!A5) -> 4010 | B5: =IF(예산!B5="","",예산!B5) -> 제품매출 | C5: =IF(예산!C5="","",예산!C5) -> 매출 | D5: =IF($A5="","",SUMIFS(INDEX(예산!$D$5:$O$204,0,설정!$B$4),예산!$A$5:$A$204,$A5)) -> 1236 | E5: =IF($A5="","",SUMIFS(INDEX(실적!$D$5:$O$204,0,설정!$B$4),실적!$A$5:$A$204,$A5)) -> 1051 | F5: =IF($A5="","",E5-D5) -> -185 | G5: =IF($A5="","",IF(D5=0,"n/a",F5/ABS(D5))) -> -0.14967638 | H5: =IF($A5="","",IF(F5=0,"-",IF((C5="매출")=(F5>0),"유리","불리"))) -> 불리 | I5: =IF($A5="","",SUMPRODUCT((예산!$A$5:$A$204=$A5)*(COLUMN(예산!$D$4:$O$4)-COLUMN(예산!$D$4)+1<=설정!$B$4)*예산!$D$5:$O$204)) -> 10644 | J5: =IF($A5="","",SUMPRODUCT((실적!$A$5:$A$204=$A5)*(COLUMN(실적!$D$4:$O$4)-COLUMN(실적!$D$4)+1<=설정!$B$4)*실적!$D$5:$O$204)) -> 10275 | K5: =IF($A5="","",J5-I5) -> -369 | L5: =IF($A5="","",IF(I5=0,"n/a",K5/ABS(I5))) -> -0.034667418 | M5: =IF($A5="","",IF(K5=0,"-",IF((C5="매출")=(K5>0),"유리","불리"))) -> 불리 | N5: =IF($A5="","",IF(AND(ABS(F5)>=설정!$B$5,OR(D5=0,ABS(IF(D5=0,0,F5/D5))>=설정!$B$6)),"●","")) -> ● | P5: =IF($A5="","",IF(N5="","",B5&": 당월 실적 "&TEXT(E5,"#,##0")&설정!$B$7&"으로 예산 대비 "&TEXT(ABS(F5),"#,##0")&설정!$B$7&"("&IF(D5=0,"예산 없음",TEXT(ABS(G5),"0.0%"))&") "&IF(C5="매출",IF(F5>0,"상회","하회"),IF(F5>0,"초과","절감"))&" ["&H5&"]. 원인: "&IF(O5="","___",O5))) -> 제품매출: 당월 실적 1,051백만원으로 예산 대비 185백만원(15.0%) 하회 [불리]. 원인: ___ | Q5: =IF($A5="","",IF(N5="●",ABS(F5)+ROW()/1000000,0)) -> 185
A6: =IF(예산!A6="","",예산!A6) -> 4020 | B6: =IF(예산!B6="","",예산!B6) -> 상품매출 | C6: =IF(예산!C6="","",예산!C6) -> 매출 | D6: =IF($A6="","",SUMIFS(INDEX(예산!$D$5:$O$204,0,설정!$B$4),예산!$A$5:$A$204,$A6)) -> 309 | E6: =IF($A6="","",SUMIFS(INDEX(실적!$D$5:$O$204,0,설정!$B$4),실적!$A$5:$A$204,$A6)) -> 326 | F6: =IF($A6="","",E6-D6) -> 17 | G6: =IF($A6="","",IF(D6=0,"n/a",F6/ABS(D6))) -> 0.055016181 | H6: =IF($A6="","",IF(F6=0,"-",IF((C6="매출")=(F6>0),"유리","불리"))) -> 유리 | I6: =IF($A6="","",SUMPRODUCT((예산!$A$5:$A$204=$A6)*(COLUMN(예산!$D$4:$O$4)-COLUMN(예산!$D$4)+1<=설정!$B$4)*예산!$D$5:$O$204)) -> 2661 | J6: =IF($A6="","",SUMPRODUCT((실적!$A$5:$A$204=$A6)*(COLUMN(실적!$D$4:$O$4)-COLUMN(실적!$D$4)+1<=설정!$B$4)*실적!$D$5:$O$204)) -> 2636 | K6: =IF($A6="","",J6-I6) -> -25 | L6: =IF($A6="","",IF(I6=0,"n/a",K6/ABS(I6))) -> -0.0093949643 | M6: =IF($A6="","",IF(K6=0,"-",IF((C6="매출")=(K6>0),"유리","불리"))) -> 불리 | N6: =IF($A6="","",IF(AND(ABS(F6)>=설정!$B$5,OR(D6=0,ABS(IF(D6=0,0,F6/D6))>=설정!$B$6)),"●","")) | P6: =IF($A6="","",IF(N6="","",B6&": 당월 실적 "&TEXT(E6,"#,##0")&설정!$B$7&"으로 예산 대비 "&TEXT(ABS(F6),"#,##0")&설정!$B$7&"("&IF(D6=0,"예산 없음",TEXT(ABS(G6),"0.0%"))&") "&IF(C6="매출",IF(F6>0,"상회","하회"),IF(F6>0,"초과","절감"))&" ["&H6&"]. 원인: "&IF(O6="","___",O6))) | Q6: =IF($A6="","",IF(N6="●",ABS(F6)+ROW()/1000000,0)) -> 0
A7: =IF(예산!A7="","",예산!A7) -> 4030 | B7: =IF(예산!B7="","",예산!B7) -> 용역매출 | C7: =IF(예산!C7="","",예산!C7) -> 매출 | D7: =IF($A7="","",SUMIFS(INDEX(예산!$D$5:$O$204,0,설정!$B$4),예산!$A$5:$A$204,$A7)) -> 154 | E7: =IF($A7="","",SUMIFS(INDEX(실적!$D$5:$O$204,0,설정!$B$4),실적!$A$5:$A$204,$A7)) -> 192 | F7: =IF($A7="","",E7-D7) -> 38 | G7: =IF($A7="","",IF(D7=0,"n/a",F7/ABS(D7))) -> 0.24675325 | H7: =IF($A7="","",IF(F7=0,"-",IF((C7="매출")=(F7>0),"유리","불리"))) -> 유리 | I7: =IF($A7="","",SUMPRODUCT((예산!$A$5:$A$204=$A7)*(COLUMN(예산!$D$4:$O$4)-COLUMN(예산!$D$4)+1<=설정!$B$4)*예산!$D$5:$O$204)) -> 1331 | J7: =IF($A7="","",SUMPRODUCT((실적!$A$5:$A$204=$A7)*(COLUMN(실적!$D$4:$O$4)-COLUMN(실적!$D$4)+1<=설정!$B$4)*실적!$D$5:$O$204)) -> 1359 | K7: =IF($A7="","",J7-I7) -> 28 | L7: =IF($A7="","",IF(I7=0,"n/a",K7/ABS(I7))) -> 0.021036814 | M7: =IF($A7="","",IF(K7=0,"-",IF((C7="매출")=(K7>0),"유리","불리"))) -> 유리 | N7: =IF($A7="","",IF(AND(ABS(F7)>=설정!$B$5,OR(D7=0,ABS(IF(D7=0,0,F7/D7))>=설정!$B$6)),"●","")) | P7: =IF($A7="","",IF(N7="","",B7&": 당월 실적 "&TEXT(E7,"#,##0")&설정!$B$7&"으로 예산 대비 "&TEXT(ABS(F7),"#,##0")&설정!$B$7&"("&IF(D7=0,"예산 없음",TEXT(ABS(G7),"0.0%"))&") "&IF(C7="매출",IF(F7>0,"상회","하회"),IF(F7>0,"초과","절감"))&" ["&H7&"]. 원인: "&IF(O7="","___",O7))) | Q7: =IF($A7="","",IF(N7="●",ABS(F7)+ROW()/1000000,0)) -> 0
A8: =IF(예산!A8="","",예산!A8) -> 5010 | B8: =IF(예산!B8="","",예산!B8) -> 원재료비 | C8: =IF(예산!C8="","",예산!C8) -> 비용 | D8: =IF($A8="","",SUMIFS(INDEX(예산!$D$5:$O$204,0,설정!$B$4),예산!$A$5:$A$204,$A8)) -> 515 | E8: =IF($A8="","",SUMIFS(INDEX(실적!$D$5:$O$204,0,설정!$B$4),실적!$A$5:$A$204,$A8)) -> 587 | F8: =IF($A8="","",E8-D8) -> 72 | G8: =IF($A8="","",IF(D8=0,"n/a",F8/ABS(D8))) -> 0.13980583 | H8: =IF($A8="","",IF(F8=0,"-",IF((C8="매출")=(F8>0),"유리","불리"))) -> 불리 | I8: =IF($A8="","",SUMPRODUCT((예산!$A$5:$A$204=$A8)*(COLUMN(예산!$D$4:$O$4)-COLUMN(예산!$D$4)+1<=설정!$B$4)*예산!$D$5:$O$204)) -> 4435 | J8: =IF($A8="","",SUMPRODUCT((실적!$A$5:$A$204=$A8)*(COLUMN(실적!$D$4:$O$4)-COLUMN(실적!$D$4)+1<=설정!$B$4)*실적!$D$5:$O$204)) -> 4463 | K8: =IF($A8="","",J8-I8) -> 28 | L8: =IF($A8="","",IF(I8=0,"n/a",K8/ABS(I8))) -> 0.006313416 | M8: =IF($A8="","",IF(K8=0,"-",IF((C8="매출")=(K8>0),"유리","불리"))) -> 불리 | N8: =IF($A8="","",IF(AND(ABS(F8)>=설정!$B$5,OR(D8=0,ABS(IF(D8=0,0,F8/D8))>=설정!$B$6)),"●","")) -> ● | P8: =IF($A8="","",IF(N8="","",B8&": 당월 실적 "&TEXT(E8,"#,##0")&설정!$B$7&"으로 예산 대비 "&TEXT(ABS(F8),"#,##0")&설정!$B$7&"("&IF(D8=0,"예산 없음",TEXT(ABS(G8),"0.0%"))&") "&IF(C8="매출",IF(F8>0,"상회","하회"),IF(F8>0,"초과","절감"))&" ["&H8&"]. 원인: "&IF(O8="","___",O8))) -> 원재료비: 당월 실적 587백만원으로 예산 대비 72백만원(14.0%) 초과 [불리]. 원인: ___ | Q8: =IF($A8="","",IF(N8="●",ABS(F8)+ROW()/1000000,0)) -> 72.000008
A9: =IF(예산!A9="","",예산!A9) -> 5020 | B9: =IF(예산!B9="","",예산!B9) -> 외주가공비 | C9: =IF(예산!C9="","",예산!C9) -> 비용 | D9: =IF($A9="","",SUMIFS(INDEX(예산!$D$5:$O$204,0,설정!$B$4),예산!$A$5:$A$204,$A9)) -> 124 | E9: =IF($A9="","",SUMIFS(INDEX(실적!$D$5:$O$204,0,설정!$B$4),실적!$A$5:$A$204,$A9)) -> 120 | F9: =IF($A9="","",E9-D9) -> -4 | G9: =IF($A9="","",IF(D9=0,"n/a",F9/ABS(D9))) -> -0.032258065 | H9: =IF($A9="","",IF(F9=0,"-",IF((C9="매출")=(F9>0),"유리","불리"))) -> 유리 | I9: =IF($A9="","",SUMPRODUCT((예산!$A$5:$A$204=$A9)*(COLUMN(예산!$D$4:$O$4)-COLUMN(예산!$D$4)+1<=설정!$B$4)*예산!$D$5:$O$204)) -> 1064 | J9: =IF($A9="","",SUMPRODUCT((실적!$A$5:$A$204=$A9)*(COLUMN(실적!$D$4:$O$4)-COLUMN(실적!$D$4)+1<=설정!$B$4)*실적!$D$5:$O$204)) -> 1062 | K9: =IF($A9="","",J9-I9) -> -2 | L9: =IF($A9="","",IF(I9=0,"n/a",K9/ABS(I9))) -> -0.0018796992 | M9: =IF($A9="","",IF(K9=0,"-",IF((C9="매출")=(K9>0),"유리","불리"))) -> 유리 | N9: =IF($A9="","",IF(AND(ABS(F9)>=설정!$B$5,OR(D9=0,ABS(IF(D9=0,0,F9/D9))>=설정!$B$6)),"●","")) | P9: =IF($A9="","",IF(N9="","",B9&": 당월 실적 "&TEXT(E9,"#,##0")&설정!$B$7&"으로 예산 대비 "&TEXT(ABS(F9),"#,##0")&설정!$B$7&"("&IF(D9=0,"예산 없음",TEXT(ABS(G9),"0.0%"))&") "&IF(C9="매출",IF(F9>0,"상회","하회"),IF(F9>0,"초과","절감"))&" ["&H9&"]. 원인: "&IF(O9="","___",O9))) | Q9: =IF($A9="","",IF(N9="●",ABS(F9)+ROW()/1000000,0)) -> 0
A10: =IF(예산!A10="","",예산!A10) -> 6010 | B10: =IF(예산!B10="","",예산!B10) -> 급여 | C10: =IF(예산!C10="","",예산!C10) -> 비용 | D10: =IF($A10="","",SUMIFS(INDEX(예산!$D$5:$O$204,0,설정!$B$4),예산!$A$5:$A$204,$A10)) -> 258 | E10: =IF($A10="","",SUMIFS(INDEX(실적!$D$5:$O$204,0,설정!$B$4),실적!$A$5:$A$204,$A10)) -> 266 | F10: =IF($A10="","",E10-D10) -> 8 | G10: =IF($A10="","",IF(D10=0,"n/a",F10/ABS(D10))) -> 0.031007752 | H10: =IF($A10="","",IF(F10=0,"-",IF((C10="매출")=(F10>0),"유리","불리"))) -> 불리 | I10: =IF($A10="","",SUMPRODUCT((예산!$A$5:$A$204=$A10)*(COLUMN(예산!$D$4:$O$4)-COLUMN(예산!$D$4)+1<=설정!$B$4)*예산!$D$5:$O$204)) -> 2217 | J10: =IF($A10="","",SUMPRODUCT((실적!$A$5:$A$204=$A10)*(COLUMN(실적!$D$4:$O$4)-COLUMN(실적!$D$4)+1<=설정!$B$4)*실적!$D$5:$O$204)) -> 2242 | K10: =IF($A10="","",J10-I10) -> 25 | L10: =IF($A10="","",IF(I10=0,"n/a",K10/ABS(I10))) -> 0.0112765 | M10: =IF($A10="","",IF(K10=0,"-",IF((C10="매출")=(K10>0),"유리","불리"))) -> 불리 | N10: =IF($A10="","",IF(AND(ABS(F10)>=설정!$B$5,OR(D10=0,ABS(IF(D10=0,0,F10/D10))>=설정!$B$6)),"●","")) | P10: =IF($A10="","",IF(N10="","",B10&": 당월 실적 "&TEXT(E10,"#,##0")&설정!$B$7&"으로 예산 대비 "&TEXT(ABS(F10),"#,##0")&설정!$B$7&"("&IF(D10=0,"예산 없음",TEXT(ABS(G10),"0.0%"))&") "&IF(C10="매출",IF(F10>0,"상회","하회"),IF(F10>0,"초과","절감"))&" ["&H10&"]. 원인: "&IF(O10="","___",O10))) | Q10: =IF($A10="","",IF(N10="●",ABS(F10)+ROW()/1000000,0)) -> 0
A11: =IF(예산!A11="","",예산!A11) -> 6020 | B11: =IF(예산!B11="","",예산!B11) -> 퇴직급여 | C11: =IF(예산!C11="","",예산!C11) -> 비용 | D11: =IF($A11="","",SUMIFS(INDEX(예산!$D$5:$O$204,0,설정!$B$4),예산!$A$5:$A$204,$A11)) -> 21 | E11: =IF($A11="","",SUMIFS(INDEX(실적!$D$5:$O$204,0,설정!$B$4),실적!$A$5:$A$204,$A11)) -> 21 | F11: =IF($A11="","",E11-D11) -> 0 | G11: =IF($A11="","",IF(D11=0,"n/a",F11/ABS(D11))) -> 0 | H11: =IF($A11="","",IF(F11=0,"-",IF((C11="매출")=(F11>0),"유리","불리"))) -> - | I11: =IF($A11="","",SUMPRODUCT((예산!$A$5:$A$204=$A11)*(COLUMN(예산!$D$4:$O$4)-COLUMN(예산!$D$4)+1<=설정!$B$4)*예산!$D$5:$O$204)) -> 177 | J11: =IF($A11="","",SUMPRODUCT((실적!$A$5:$A$204=$A11)*(COLUMN(실적!$D$4:$O$4)-COLUMN(실적!$D$4)+1<=설정!$B$4)*실적!$D$5:$O$204)) -> 177 | K11: =IF($A11="","",J11-I11) -> 0 | L11: =IF($A11="","",IF(I11=0,"n/a",K11/ABS(I11))) -> 0 | M11: =IF($A11="","",IF(K11=0,"-",IF((C11="매출")=(K11>0),"유리","불리"))) -> - | N11: =IF($A11="","",IF(AND(ABS(F11)>=설정!$B$5,OR(D11=0,ABS(IF(D11=0,0,F11/D11))>=설정!$B$6)),"●","")) | P11: =IF($A11="","",IF(N11="","",B11&": 당월 실적 "&TEXT(E11,"#,##0")&설정!$B$7&"으로 예산 대비 "&TEXT(ABS(F11),"#,##0")&설정!$B$7&"("&IF(D11=0,"예산 없음",TEXT(ABS(G11),"0.0%"))&") "&IF(C11="매출",IF(F11>0,"상회","하회"),IF(F11>0,"초과","절감"))&" ["&H11&"]. 원인: "&IF(O11="","___",O11))) | Q11: =IF($A11="","",IF(N11="●",ABS(F11)+ROW()/1000000,0)) -> 0
A12: =IF(예산!A12="","",예산!A12) -> 6030 | B12: =IF(예산!B12="","",예산!B12) -> 복리후생비 | C12: =IF(예산!C12="","",예산!C12) -> 비용 | D12: =IF($A12="","",SUMIFS(INDEX(예산!$D$5:$O$204,0,설정!$B$4),예산!$A$5:$A$204,$A12)) -> 41 | E12: =IF($A12="","",SUMIFS(INDEX(실적!$D$5:$O$204,0,설정!$B$4),실적!$A$5:$A$204,$A12)) -> 42 | F12: =IF($A12="","",E12-D12) -> 1 | G12: =IF($A12="","",IF(D12=0,"n/a",F12/ABS(D12))) -> 0.024390244 | H12: =IF($A12="","",IF(F12=0,"-",IF((C12="매출")=(F12>0),"유리","불리"))) -> 불리 | I12: =IF($A12="","",SUMPRODUCT((예산!$A$5:$A$204=$A12)*(COLUMN(예산!$D$4:$O$4)-COLUMN(예산!$D$4)+1<=설정!$B$4)*예산!$D$5:$O$204)) -> 355 | J12: =IF($A12="","",SUMPRODUCT((실적!$A$5:$A$204=$A12)*(COLUMN(실적!$D$4:$O$4)-COLUMN(실적!$D$4)+1<=설정!$B$4)*실적!$D$5:$O$204)) -> 359 | K12: =IF($A12="","",J12-I12) -> 4 | L12: =IF($A12="","",IF(I12=0,"n/a",K12/ABS(I12))) -> 0.011267606 | M12: =IF($A12="","",IF(K12=0,"-",IF((C12="매출")=(K12>0),"유리","불리"))) -> 불리 | N12: =IF($A12="","",IF(AND(ABS(F12)>=설정!$B$5,OR(D12=0,ABS(IF(D12=0,0,F12/D12))>=설정!$B$6)),"●","")) | P12: =IF($A12="","",IF(N12="","",B12&": 당월 실적 "&TEXT(E12,"#,##0")&설정!$B$7&"으로 예산 대비 "&TEXT(ABS(F12),"#,##0")&설정!$B$7&"("&IF(D12=0,"예산 없음",TEXT(ABS(G12),"0.0%"))&") "&IF(C12="매출",IF(F12>0,"상회","하회"),IF(F12>0,"초과","절감"))&" ["&H12&"]. 원인: "&IF(O12="","___",O12))) | Q12: =IF($A12="","",IF(N12="●",ABS(F12)+ROW()/1000000,0)) -> 0
A13: =IF(예산!A13="","",예산!A13) -> 6040 | B13: =IF(예산!B13="","",예산!B13) -> 여비교통비 | C13: =IF(예산!C13="","",예산!C13) -> 비용 | D13: =IF($A13="","",SUMIFS(INDEX(예산!$D$5:$O$204,0,설정!$B$4),예산!$A$5:$A$204,$A13)) -> 15 | E13: =IF($A13="","",SUMIFS(INDEX(실적!$D$5:$O$204,0,설정!$B$4),실적!$A$5:$A$204,$A13)) -> 14 | F13: =IF($A13="","",E13-D13) -> -1 | G13: =IF($A13="","",IF(D13=0,"n/a",F13/ABS(D13))) -> -0.066666667 | H13: =IF($A13="","",IF(F13=0,"-",IF((C13="매출")=(F13>0),"유리","불리"))) -> 유리 | I13: =IF($A13="","",SUMPRODUCT((예산!$A$5:$A$204=$A13)*(COLUMN(예산!$D$4:$O$4)-COLUMN(예산!$D$4)+1<=설정!$B$4)*예산!$D$5:$O$204)) -> 134 | J13: =IF($A13="","",SUMPRODUCT((실적!$A$5:$A$204=$A13)*(COLUMN(실적!$D$4:$O$4)-COLUMN(실적!$D$4)+1<=설정!$B$4)*실적!$D$5:$O$204)) -> 134 | K13: =IF($A13="","",J13-I13) -> 0 | L13: =IF($A13="","",IF(I13=0,"n/a",K13/ABS(I13))) -> 0 | M13: =IF($A13="","",IF(K13=0,"-",IF((C13="매출")=(K13>0),"유리","불리"))) -> - | N13: =IF($A13="","",IF(AND(ABS(F13)>=설정!$B$5,OR(D13=0,ABS(IF(D13=0,0,F13/D13))>=설정!$B$6)),"●","")) | P13: =IF($A13="","",IF(N13="","",B13&": 당월 실적 "&TEXT(E13,"#,##0")&설정!$B$7&"으로 예산 대비 "&TEXT(ABS(F13),"#,##0")&설정!$B$7&"("&IF(D13=0,"예산 없음",TEXT(ABS(G13),"0.0%"))&") "&IF(C13="매출",IF(F13>0,"상회","하회"),IF(F13>0,"초과","절감"))&" ["&H13&"]. 원인: "&IF(O13="","___",O13))) | Q13: =IF($A13="","",IF(N13="●",ABS(F13)+ROW()/1000000,0)) -> 0
A14: =IF(예산!A14="","",예산!A14) -> 6050 | B14: =IF(예산!B14="","",예산!B14) -> 접대비 | C14: =IF(예산!C14="","",예산!C14) -> 비용 | D14: =IF($A14="","",SUMIFS(INDEX(예산!$D$5:$O$204,0,설정!$B$4),예산!$A$5:$A$204,$A14)) -> 10 | E14: =IF($A14="","",SUMIFS(INDEX(실적!$D$5:$O$204,0,설정!$B$4),실적!$A$5:$A$204,$A14)) -> 10 | F14: =IF($A14="","",E14-D14) -> 0 | G14: =IF($A14="","",IF(D14=0,"n/a",F14/ABS(D14))) -> 0 | H14: =IF($A14="","",IF(F14=0,"-",IF((C14="매출")=(F14>0),"유리","불리"))) -> - | I14: =IF($A14="","",SUMPRODUCT((예산!$A$5:$A$204=$A14)*(COLUMN(예산!$D$4:$O$4)-COLUMN(예산!$D$4)+1<=설정!$B$4)*예산!$D$5:$O$204)) -> 88 | J14: =IF($A14="","",SUMPRODUCT((실적!$A$5:$A$204=$A14)*(COLUMN(실적!$D$4:$O$4)-COLUMN(실적!$D$4)+1<=설정!$B$4)*실적!$D$5:$O$204)) -> 87 | K14: =IF($A14="","",J14-I14) -> -1 | L14: =IF($A14="","",IF(I14=0,"n/a",K14/ABS(I14))) -> -0.011363636 | M14: =IF($A14="","",IF(K14=0,"-",IF((C14="매출")=(K14>0),"유리","불리"))) -> 유리 | N14: =IF($A14="","",IF(AND(ABS(F14)>=설정!$B$5,OR(D14=0,ABS(IF(D14=0,0,F14/D14))>=설정!$B$6)),"●","")) | P14: =IF($A14="","",IF(N14="","",B14&": 당월 실적 "&TEXT(E14,"#,##0")&설정!$B$7&"으로 예산 대비 "&TEXT(ABS(F14),"#,##0")&설정!$B$7&"("&IF(D14=0,"예산 없음",TEXT(ABS(G14),"0.0%"))&") "&IF(C14="매출",IF(F14>0,"상회","하회"),IF(F14>0,"초과","절감"))&" ["&H14&"]. 원인: "&IF(O14="","___",O14))) | Q14: =IF($A14="","",IF(N14="●",ABS(F14)+ROW()/1000000,0)) -> 0
A15: =IF(예산!A15="","",예산!A15) -> 6060 | B15: =IF(예산!B15="","",예산!B15) -> 광고선전비 | C15: =IF(예산!C15="","",예산!C15) -> 비용 | D15: =IF($A15="","",SUMIFS(INDEX(예산!$D$5:$O$204,0,설정!$B$4),예산!$A$5:$A$204,$A15)) -> 62 | E15: =IF($A15="","",SUMIFS(INDEX(실적!$D$5:$O$204,0,설정!$B$4),실적!$A$5:$A$204,$A15)) -> 118 | F15: =IF($A15="","",E15-D15) -> 56 | G15: =IF($A15="","",IF(D15=0,"n/a",F15/ABS(D15))) -> 0.90322581 | H15: =IF($A15="","",IF(F15=0,"-",IF((C15="매출")=(F15>0),"유리","불리"))) -> 불리 | I15: =IF($A15="","",SUMPRODUCT((예산!$A$5:$A$204=$A15)*(COLUMN(예산!$D$4:$O$4)-COLUMN(예산!$D$4)+1<=설정!$B$4)*예산!$D$5:$O$204)) -> 532 | J15: =IF($A15="","",SUMPRODUCT((실적!$A$5:$A$204=$A15)*(COLUMN(실적!$D$4:$O$4)-COLUMN(실적!$D$4)+1<=설정!$B$4)*실적!$D$5:$O$204)) -> 594 | K15: =IF($A15="","",J15-I15) -> 62 | L15: =IF($A15="","",IF(I15=0,"n/a",K15/ABS(I15))) -> 0.11654135 | M15: =IF($A15="","",IF(K15=0,"-",IF((C15="매출")=(K15>0),"유리","불리"))) -> 불리 | N15: =IF($A15="","",IF(AND(ABS(F15)>=설정!$B$5,OR(D15=0,ABS(IF(D15=0,0,F15/D15))>=설정!$B$6)),"●","")) -> ● | O15: 온라인 캠페인 조기 집행 (10월 예산분 선반영) | P15: =IF($A15="","",IF(N15="","",B15&": 당월 실적 "&TEXT(E15,"#,##0")&설정!$B$7&"으로 예산 대비 "&TEXT(ABS(F15),"#,##0")&설정!$B$7&"("&IF(D15=0,"예산 없음",TEXT(ABS(G15),"0.0%"))&") "&IF(C15="매출",IF(F15>0,"상회","하회"),IF(F15>0,"초과","절감"))&" ["&H15&"]. 원인: "&IF(O15="","___",O15))) -> 광고선전비: 당월 실적 118백만원으로 예산 대비 56백만원(90.3%) 초과 [불리]. 원인: 온라인 캠페인 조기 집행 (10월 예산분 선반영) | Q15: =IF($A15="","",IF(N15="●",ABS(F15)+ROW()/1000000,0)) -> 56.000015
A16: =IF(예산!A16="","",예산!A16) -> 6070 | B16: =IF(예산!B16="","",예산!B16) -> 지급수수료 | C16: =IF(예산!C16="","",예산!C16) -> 비용 | D16: =IF($A16="","",SUMIFS(INDEX(예산!$D$5:$O$204,0,설정!$B$4),예산!$A$5:$A$204,$A16)) -> 46 | E16: =IF($A16="","",SUMIFS(INDEX(실적!$D$5:$O$204,0,설정!$B$4),실적!$A$5:$A$204,$A16)) -> 62 | F16: =IF($A16="","",E16-D16) -> 16 | G16: =IF($A16="","",IF(D16=0,"n/a",F16/ABS(D16))) -> 0.34782609 | H16: =IF($A16="","",IF(F16=0,"-",IF((C16="매출")=(F16>0),"유리","불리"))) -> 불리 | I16: =IF($A16="","",SUMPRODUCT((예산!$A$5:$A$204=$A16)*(COLUMN(예산!$D$4:$O$4)-COLUMN(예산!$D$4)+1<=설정!$B$4)*예산!$D$5:$O$204)) -> 398 | J16: =IF($A16="","",SUMPRODUCT((실적!$A$5:$A$204=$A16)*(COLUMN(실적!$D$4:$O$4)-COLUMN(실적!$D$4)+1<=설정!$B$4)*실적!$D$5:$O$204)) -> 405 | K16: =IF($A16="","",J16-I16) -> 7 | L16: =IF($A16="","",IF(I16=0,"n/a",K16/ABS(I16))) -> 0.01758794 | M16: =IF($A16="","",IF(K16=0,"-",IF((C16="매출")=(K16>0),"유리","불리"))) -> 불리 | N16: =IF($A16="","",IF(AND(ABS(F16)>=설정!$B$5,OR(D16=0,ABS(IF(D16=0,0,F16/D16))>=설정!$B$6)),"●","")) | P16: =IF($A16="","",IF(N16="","",B16&": 당월 실적 "&TEXT(E16,"#,##0")&설정!$B$7&"으로 예산 대비 "&TEXT(ABS(F16),"#,##0")&설정!$B$7&"("&IF(D16=0,"예산 없음",TEXT(ABS(G16),"0.0%"))&") "&IF(C16="매출",IF(F16>0,"상회","하회"),IF(F16>0,"초과","절감"))&" ["&H16&"]. 원인: "&IF(O16="","___",O16))) | Q16: =IF($A16="","",IF(N16="●",ABS(F16)+ROW()/1000000,0)) -> 0
A17: =IF(예산!A17="","",예산!A17) -> 6080 | B17: =IF(예산!B17="","",예산!B17) -> 감가상각비 | C17: =IF(예산!C17="","",예산!C17) -> 비용 | D17: =IF($A17="","",SUMIFS(INDEX(예산!$D$5:$O$204,0,설정!$B$4),예산!$A$5:$A$204,$A17)) -> 72 | E17: =IF($A17="","",SUMIFS(INDEX(실적!$D$5:$O$204,0,설정!$B$4),실적!$A$5:$A$204,$A17)) -> 75 | F17: =IF($A17="","",E17-D17) -> 3 | G17: =IF($A17="","",IF(D17=0,"n/a",F17/ABS(D17))) -> 0.041666667 | H17: =IF($A17="","",IF(F17=0,"-",IF((C17="매출")=(F17>0),"유리","불리"))) -> 불리 | I17: =IF($A17="","",SUMPRODUCT((예산!$A$5:$A$204=$A17)*(COLUMN(예산!$D$4:$O$4)-COLUMN(예산!$D$4)+1<=설정!$B$4)*예산!$D$5:$O$204)) -> 621 | J17: =IF($A17="","",SUMPRODUCT((실적!$A$5:$A$204=$A17)*(COLUMN(실적!$D$4:$O$4)-COLUMN(실적!$D$4)+1<=설정!$B$4)*실적!$D$5:$O$204)) -> 628 | K17: =IF($A17="","",J17-I17) -> 7 | L17: =IF($A17="","",IF(I17=0,"n/a",K17/ABS(I17))) -> 0.011272142 | M17: =IF($A17="","",IF(K17=0,"-",IF((C17="매출")=(K17>0),"유리","불리"))) -> 불리 | N17: =IF($A17="","",IF(AND(ABS(F17)>=설정!$B$5,OR(D17=0,ABS(IF(D17=0,0,F17/D17))>=설정!$B$6)),"●","")) | P17: =IF($A17="","",IF(N17="","",B17&": 당월 실적 "&TEXT(E17,"#,##0")&설정!$B$7&"으로 예산 대비 "&TEXT(ABS(F17),"#,##0")&설정!$B$7&"("&IF(D17=0,"예산 없음",TEXT(ABS(G17),"0.0%"))&") "&IF(C17="매출",IF(F17>0,"상회","하회"),IF(F17>0,"초과","절감"))&" ["&H17&"]. 원인: "&IF(O17="","___",O17))) | Q17: =IF($A17="","",IF(N17="●",ABS(F17)+ROW()/1000000,0)) -> 0
A18: =IF(예산!A18="","",예산!A18) -> 6090 | B18: =IF(예산!B18="","",예산!B18) -> 임차료 | C18: =IF(예산!C18="","",예산!C18) -> 비용 | D18: =IF($A18="","",SUMIFS(INDEX(예산!$D$5:$O$204,0,설정!$B$4),예산!$A$5:$A$204,$A18)) -> 36 | E18: =IF($A18="","",SUMIFS(INDEX(실적!$D$5:$O$204,0,설정!$B$4),실적!$A$5:$A$204,$A18)) -> 34 | F18: =IF($A18="","",E18-D18) -> -2 | G18: =IF($A18="","",IF(D18=0,"n/a",F18/ABS(D18))) -> -0.055555556 | H18: =IF($A18="","",IF(F18=0,"-",IF((C18="매출")=(F18>0),"유리","불리"))) -> 유리 | I18: =IF($A18="","",SUMPRODUCT((예산!$A$5:$A$204=$A18)*(COLUMN(예산!$D$4:$O$4)-COLUMN(예산!$D$4)+1<=설정!$B$4)*예산!$D$5:$O$204)) -> 311 | J18: =IF($A18="","",SUMPRODUCT((실적!$A$5:$A$204=$A18)*(COLUMN(실적!$D$4:$O$4)-COLUMN(실적!$D$4)+1<=설정!$B$4)*실적!$D$5:$O$204)) -> 309 | K18: =IF($A18="","",J18-I18) -> -2 | L18: =IF($A18="","",IF(I18=0,"n/a",K18/ABS(I18))) -> -0.0064308682 | M18: =IF($A18="","",IF(K18=0,"-",IF((C18="매출")=(K18>0),"유리","불리"))) -> 유리 | N18: =IF($A18="","",IF(AND(ABS(F18)>=설정!$B$5,OR(D18=0,ABS(IF(D18=0,0,F18/D18))>=설정!$B$6)),"●","")) | P18: =IF($A18="","",IF(N18="","",B18&": 당월 실적 "&TEXT(E18,"#,##0")&설정!$B$7&"으로 예산 대비 "&TEXT(ABS(F18),"#,##0")&설정!$B$7&"("&IF(D18=0,"예산 없음",TEXT(ABS(G18),"0.0%"))&") "&IF(C18="매출",IF(F18>0,"상회","하회"),IF(F18>0,"초과","절감"))&" ["&H18&"]. 원인: "&IF(O18="","___",O18))) | Q18: =IF($A18="","",IF(N18="●",ABS(F18)+ROW()/1000000,0)) -> 0
A19: =IF(예산!A19="","",예산!A19) -> 6100 | B19: =IF(예산!B19="","",예산!B19) -> 운반비 | C19: =IF(예산!C19="","",예산!C19) -> 비용 | D19: =IF($A19="","",SUMIFS(INDEX(예산!$D$5:$O$204,0,설정!$B$4),예산!$A$5:$A$204,$A19)) -> 26 | E19: =IF($A19="","",SUMIFS(INDEX(실적!$D$5:$O$204,0,설정!$B$4),실적!$A$5:$A$204,$A19)) -> 25 | F19: =IF($A19="","",E19-D19) -> -1 | G19: =IF($A19="","",IF(D19=0,"n/a",F19/ABS(D19))) -> -0.038461538 | H19: =IF($A19="","",IF(F19=0,"-",IF((C19="매출")=(F19>0),"유리","불리"))) -> 유리 | I19: =IF($A19="","",SUMPRODUCT((예산!$A$5:$A$204=$A19)*(COLUMN(예산!$D$4:$O$4)-COLUMN(예산!$D$4)+1<=설정!$B$4)*예산!$D$5:$O$204)) -> 221 | J19: =IF($A19="","",SUMPRODUCT((실적!$A$5:$A$204=$A19)*(COLUMN(실적!$D$4:$O$4)-COLUMN(실적!$D$4)+1<=설정!$B$4)*실적!$D$5:$O$204)) -> 213 | K19: =IF($A19="","",J19-I19) -> -8 | L19: =IF($A19="","",IF(I19=0,"n/a",K19/ABS(I19))) -> -0.036199095 | M19: =IF($A19="","",IF(K19=0,"-",IF((C19="매출")=(K19>0),"유리","불리"))) -> 유리 | N19: =IF($A19="","",IF(AND(ABS(F19)>=설정!$B$5,OR(D19=0,ABS(IF(D19=0,0,F19/D19))>=설정!$B$6)),"●","")) | P19: =IF($A19="","",IF(N19="","",B19&": 당월 실적 "&TEXT(E19,"#,##0")&설정!$B$7&"으로 예산 대비 "&TEXT(ABS(F19),"#,##0")&설정!$B$7&"("&IF(D19=0,"예산 없음",TEXT(ABS(G19),"0.0%"))&") "&IF(C19="매출",IF(F19>0,"상회","하회"),IF(F19>0,"초과","절감"))&" ["&H19&"]. 원인: "&IF(O19="","___",O19))) | Q19: =IF($A19="","",IF(N19="●",ABS(F19)+ROW()/1000000,0)) -> 0
A20: =IF(예산!A20="","",예산!A20) -> 6110 | B20: =IF(예산!B20="","",예산!B20) -> 연구개발비 | C20: =IF(예산!C20="","",예산!C20) -> 비용 | D20: =IF($A20="","",SUMIFS(INDEX(예산!$D$5:$O$204,0,설정!$B$4),예산!$A$5:$A$204,$A20)) -> 82 | E20: =IF($A20="","",SUMIFS(INDEX(실적!$D$5:$O$204,0,설정!$B$4),실적!$A$5:$A$204,$A20)) -> 57 | F20: =IF($A20="","",E20-D20) -> -25 | G20: =IF($A20="","",IF(D20=0,"n/a",F20/ABS(D20))) -> -0.30487805 | H20: =IF($A20="","",IF(F20=0,"-",IF((C20="매출")=(F20>0),"유리","불리"))) -> 유리 | I20: =IF($A20="","",SUMPRODUCT((예산!$A$5:$A$204=$A20)*(COLUMN(예산!$D$4:$O$4)-COLUMN(예산!$D$4)+1<=설정!$B$4)*예산!$D$5:$O$204)) -> 710 | J20: =IF($A20="","",SUMPRODUCT((실적!$A$5:$A$204=$A20)*(COLUMN(실적!$D$4:$O$4)-COLUMN(실적!$D$4)+1<=설정!$B$4)*실적!$D$5:$O$204)) -> 680 | K20: =IF($A20="","",J20-I20) -> -30 | L20: =IF($A20="","",IF(I20=0,"n/a",K20/ABS(I20))) -> -0.042253521 | M20: =IF($A20="","",IF(K20=0,"-",IF((C20="매출")=(K20>0),"유리","불리"))) -> 유리 | N20: =IF($A20="","",IF(AND(ABS(F20)>=설정!$B$5,OR(D20=0,ABS(IF(D20=0,0,F20/D20))>=설정!$B$6)),"●","")) | P20: =IF($A20="","",IF(N20="","",B20&": 당월 실적 "&TEXT(E20,"#,##0")&설정!$B$7&"으로 예산 대비 "&TEXT(ABS(F20),"#,##0")&설정!$B$7&"("&IF(D20=0,"예산 없음",TEXT(ABS(G20),"0.0%"))&") "&IF(C20="매출",IF(F20>0,"상회","하회"),IF(F20>0,"초과","절감"))&" ["&H20&"]. 원인: "&IF(O20="","___",O20))) | Q20: =IF($A20="","",IF(N20="●",ABS(F20)+ROW()/1000000,0)) -> 0
A21: =IF(예산!A21="","",예산!A21) | B21: =IF(예산!B21="","",예산!B21) | C21: =IF(예산!C21="","",예산!C21) | D21: =IF($A21="","",SUMIFS(INDEX(예산!$D$5:$O$204,0,설정!$B$4),예산!$A$5:$A$204,$A21)) | E21: =IF($A21="","",SUMIFS(INDEX(실적!$D$5:$O$204,0,설정!$B$4),실적!$A$5:$A$204,$A21)) | F21: =IF($A21="","",E21-D21) | G21: =IF($A21="","",IF(D21=0,"n/a",F21/ABS(D21))) | H21: =IF($A21="","",IF(F21=0,"-",IF((C21="매출")=(F21>0),"유리","불리"))) | I21: =IF($A21="","",SUMPRODUCT((예산!$A$5:$A$204=$A21)*(COLUMN(예산!$D$4:$O$4)-COLUMN(예산!$D$4)+1<=설정!$B$4)*예산!$D$5:$O$204)) | J21: =IF($A21="","",SUMPRODUCT((실적!$A$5:$A$204=$A21)*(COLUMN(실적!$D$4:$O$4)-COLUMN(실적!$D$4)+1<=설정!$B$4)*실적!$D$5:$O$204)) | K21: =IF($A21="","",J21-I21) | L21: =IF($A21="","",IF(I21=0,"n/a",K21/ABS(I21))) | M21: =IF($A21="","",IF(K21=0,"-",IF((C21="매출")=(K21>0),"유리","불리"))) | N21: =IF($A21="","",IF(AND(ABS(F21)>=설정!$B$5,OR(D21=0,ABS(IF(D21=0,0,F21/D21))>=설정!$B$6)),"●","")) | P21: =IF($A21="","",IF(N21="","",B21&": 당월 실적 "&TEXT(E21,"#,##0")&설정!$B$7&"으로 예산 대비 "&TEXT(ABS(F21),"#,##0")&설정!$B$7&"("&IF(D21=0,"예산 없음",TEXT(ABS(G21),"0.0%"))&") "&IF(C21="매출",IF(F21>0,"상회","하회"),IF(F21>0,"초과","절감"))&" ["&H21&"]. 원인: "&IF(O21="","___",O21))) | Q21: =IF($A21="","",IF(N21="●",ABS(F21)+ROW()/1000000,0))
A22: =IF(예산!A22="","",예산!A22) | B22: =IF(예산!B22="","",예산!B22) | C22: =IF(예산!C22="","",예산!C22) | D22: =IF($A22="","",SUMIFS(INDEX(예산!$D$5:$O$204,0,설정!$B$4),예산!$A$5:$A$204,$A22)) | E22: =IF($A22="","",SUMIFS(INDEX(실적!$D$5:$O$204,0,설정!$B$4),실적!$A$5:$A$204,$A22)) | F22: =IF($A22="","",E22-D22) | G22: =IF($A22="","",IF(D22=0,"n/a",F22/ABS(D22))) | H22: =IF($A22="","",IF(F22=0,"-",IF((C22="매출")=(F22>0),"유리","불리"))) | I22: =IF($A22="","",SUMPRODUCT((예산!$A$5:$A$204=$A22)*(COLUMN(예산!$D$4:$O$4)-COLUMN(예산!$D$4)+1<=설정!$B$4)*예산!$D$5:$O$204)) | J22: =IF($A22="","",SUMPRODUCT((실적!$A$5:$A$204=$A22)*(COLUMN(실적!$D$4:$O$4)-COLUMN(실적!$D$4)+1<=설정!$B$4)*실적!$D$5:$O$204)) | K22: =IF($A22="","",J22-I22) | L22: =IF($A22="","",IF(I22=0,"n/a",K22/ABS(I22))) | M22: =IF($A22="","",IF(K22=0,"-",IF((C22="매출")=(K22>0),"유리","불리"))) | N22: =IF($A22="","",IF(AND(ABS(F22)>=설정!$B$5,OR(D22=0,ABS(IF(D22=0,0,F22/D22))>=설정!$B$6)),"●","")) | P22: =IF($A22="","",IF(N22="","",B22&": 당월 실적 "&TEXT(E22,"#,##0")&설정!$B$7&"으로 예산 대비 "&TEXT(ABS(F22),"#,##0")&설정!$B$7&"("&IF(D22=0,"예산 없음",TEXT(ABS(G22),"0.0%"))&") "&IF(C22="매출",IF(F22>0,"상회","하회"),IF(F22>0,"초과","절감"))&" ["&H22&"]. 원인: "&IF(O22="","___",O22))) | Q22: =IF($A22="","",IF(N22="●",ABS(F22)+ROW()/1000000,0))
A23: =IF(예산!A23="","",예산!A23) | B23: =IF(예산!B23="","",예산!B23) | C23: =IF(예산!C23="","",예산!C23) | D23: =IF($A23="","",SUMIFS(INDEX(예산!$D$5:$O$204,0,설정!$B$4),예산!$A$5:$A$204,$A23)) | E23: =IF($A23="","",SUMIFS(INDEX(실적!$D$5:$O$204,0,설정!$B$4),실적!$A$5:$A$204,$A23)) | F23: =IF($A23="","",E23-D23) | G23: =IF($A23="","",IF(D23=0,"n/a",F23/ABS(D23))) | H23: =IF($A23="","",IF(F23=0,"-",IF((C23="매출")=(F23>0),"유리","불리"))) | I23: =IF($A23="","",SUMPRODUCT((예산!$A$5:$A$204=$A23)*(COLUMN(예산!$D$4:$O$4)-COLUMN(예산!$D$4)+1<=설정!$B$4)*예산!$D$5:$O$204)) | J23: =IF($A23="","",SUMPRODUCT((실적!$A$5:$A$204=$A23)*(COLUMN(실적!$D$4:$O$4)-COLUMN(실적!$D$4)+1<=설정!$B$4)*실적!$D$5:$O$204)) | K23: =IF($A23="","",J23-I23) | L23: =IF($A23="","",IF(I23=0,"n/a",K23/ABS(I23))) | M23: =IF($A23="","",IF(K23=0,"-",IF((C23="매출")=(K23>0),"유리","불리"))) | N23: =IF($A23="","",IF(AND(ABS(F23)>=설정!$B$5,OR(D23=0,ABS(IF(D23=0,0,F23/D23))>=설정!$B$6)),"●","")) | P23: =IF($A23="","",IF(N23="","",B23&": 당월 실적 "&TEXT(E23,"#,##0")&설정!$B$7&"으로 예산 대비 "&TEXT(ABS(F23),"#,##0")&설정!$B$7&"("&IF(D23=0,"예산 없음",TEXT(ABS(G23),"0.0%"))&") "&IF(C23="매출",IF(F23>0,"상회","하회"),IF(F23>0,"초과","절감"))&" ["&H23&"]. 원인: "&IF(O23="","___",O23))) | Q23: =IF($A23="","",IF(N23="●",ABS(F23)+ROW()/1000000,0))
A24: =IF(예산!A24="","",예산!A24) | B24: =IF(예산!B24="","",예산!B24) | C24: =IF(예산!C24="","",예산!C24) | D24: =IF($A24="","",SUMIFS(INDEX(예산!$D$5:$O$204,0,설정!$B$4),예산!$A$5:$A$204,$A24)) | E24: =IF($A24="","",SUMIFS(INDEX(실적!$D$5:$O$204,0,설정!$B$4),실적!$A$5:$A$204,$A24)) | F24: =IF($A24="","",E24-D24) | G24: =IF($A24="","",IF(D24=0,"n/a",F24/ABS(D24))) | H24: =IF($A24="","",IF(F24=0,"-",IF((C24="매출")=(F24>0),"유리","불리"))) | I24: =IF($A24="","",SUMPRODUCT((예산!$A$5:$A$204=$A24)*(COLUMN(예산!$D$4:$O$4)-COLUMN(예산!$D$4)+1<=설정!$B$4)*예산!$D$5:$O$204)) | J24: =IF($A24="","",SUMPRODUCT((실적!$A$5:$A$204=$A24)*(COLUMN(실적!$D$4:$O$4)-COLUMN(실적!$D$4)+1<=설정!$B$4)*실적!$D$5:$O$204)) | K24: =IF($A24="","",J24-I24) | L24: =IF($A24="","",IF(I24=0,"n/a",K24/ABS(I24))) | M24: =IF($A24="","",IF(K24=0,"-",IF((C24="매출")=(K24>0),"유리","불리"))) | N24: =IF($A24="","",IF(AND(ABS(F24)>=설정!$B$5,OR(D24=0,ABS(IF(D24=0,0,F24/D24))>=설정!$B$6)),"●","")) | P24: =IF($A24="","",IF(N24="","",B24&": 당월 실적 "&TEXT(E24,"#,##0")&설정!$B$7&"으로 예산 대비 "&TEXT(ABS(F24),"#,##0")&설정!$B$7&"("&IF(D24=0,"예산 없음",TEXT(ABS(G24),"0.0%"))&") "&IF(C24="매출",IF(F24>0,"상회","하회"),IF(F24>0,"초과","절감"))&" ["&H24&"]. 원인: "&IF(O24="","___",O24))) | Q24: =IF($A24="","",IF(N24="●",ABS(F24)+ROW()/1000000,0))
A25: =IF(예산!A25="","",예산!A25) | B25: =IF(예산!B25="","",예산!B25) | C25: =IF(예산!C25="","",예산!C25) | D25: =IF($A25="","",SUMIFS(INDEX(예산!$D$5:$O$204,0,설정!$B$4),예산!$A$5:$A$204,$A25)) | E25: =IF($A25="","",SUMIFS(INDEX(실적!$D$5:$O$204,0,설정!$B$4),실적!$A$5:$A$204,$A25)) | F25: =IF($A25="","",E25-D25) | G25: =IF($A25="","",IF(D25=0,"n/a",F25/ABS(D25))) | H25: =IF($A25="","",IF(F25=0,"-",IF((C25="매출")=(F25>0),"유리","불리"))) | I25: =IF($A25="","",SUMPRODUCT((예산!$A$5:$A$204=$A25)*(COLUMN(예산!$D$4:$O$4)-COLUMN(예산!$D$4)+1<=설정!$B$4)*예산!$D$5:$O$204)) | J25: =IF($A25="","",SUMPRODUCT((실적!$A$5:$A$204=$A25)*(COLUMN(실적!$D$4:$O$4)-COLUMN(실적!$D$4)+1<=설정!$B$4)*실적!$D$5:$O$204)) | K25: =IF($A25="","",J25-I25) | L25: =IF($A25="","",IF(I25=0,"n/a",K25/ABS(I25))) | M25: =IF($A25="","",IF(K25=0,"-",IF((C25="매출")=(K25>0),"유리","불리"))) | N25: =IF($A25="","",IF(AND(ABS(F25)>=설정!$B$5,OR(D25=0,ABS(IF(D25=0,0,F25/D25))>=설정!$B$6)),"●","")) | P25: =IF($A25="","",IF(N25="","",B25&": 당월 실적 "&TEXT(E25,"#,##0")&설정!$B$7&"으로 예산 대비 "&TEXT(ABS(F25),"#,##0")&설정!$B$7&"("&IF(D25=0,"예산 없음",TEXT(ABS(G25),"0.0%"))&") "&IF(C25="매출",IF(F25>0,"상회","하회"),IF(F25>0,"초과","절감"))&" ["&H25&"]. 원인: "&IF(O25="","___",O25))) | Q25: =IF($A25="","",IF(N25="●",ABS(F25)+ROW()/1000000,0))
A26: =IF(예산!A26="","",예산!A26) | B26: =IF(예산!B26="","",예산!B26) | C26: =IF(예산!C26="","",예산!C26) | D26: =IF($A26="","",SUMIFS(INDEX(예산!$D$5:$O$204,0,설정!$B$4),예산!$A$5:$A$204,$A26)) | E26: =IF($A26="","",SUMIFS(INDEX(실적!$D$5:$O$204,0,설정!$B$4),실적!$A$5:$A$204,$A26)) | F26: =IF($A26="","",E26-D26) | G26: =IF($A26="","",IF(D26=0,"n/a",F26/ABS(D26))) | H26: =IF($A26="","",IF(F26=0,"-",IF((C26="매출")=(F26>0),"유리","불리"))) | I26: =IF($A26="","",SUMPRODUCT((예산!$A$5:$A$204=$A26)*(COLUMN(예산!$D$4:$O$4)-COLUMN(예산!$D$4)+1<=설정!$B$4)*예산!$D$5:$O$204)) | J26: =IF($A26="","",SUMPRODUCT((실적!$A$5:$A$204=$A26)*(COLUMN(실적!$D$4:$O$4)-COLUMN(실적!$D$4)+1<=설정!$B$4)*실적!$D$5:$O$204)) | K26: =IF($A26="","",J26-I26) | L26: =IF($A26="","",IF(I26=0,"n/a",K26/ABS(I26))) | M26: =IF($A26="","",IF(K26=0,"-",IF((C26="매출")=(K26>0),"유리","불리"))) | N26: =IF($A26="","",IF(AND(ABS(F26)>=설정!$B$5,OR(D26=0,ABS(IF(D26=0,0,F26/D26))>=설정!$B$6)),"●","")) | P26: =IF($A26="","",IF(N26="","",B26&": 당월 실적 "&TEXT(E26,"#,##0")&설정!$B$7&"으로 예산 대비 "&TEXT(ABS(F26),"#,##0")&설정!$B$7&"("&IF(D26=0,"예산 없음",TEXT(ABS(G26),"0.0%"))&") "&IF(C26="매출",IF(F26>0,"상회","하회"),IF(F26>0,"초과","절감"))&" ["&H26&"]. 원인: "&IF(O26="","___",O26))) | Q26: =IF($A26="","",IF(N26="●",ABS(F26)+ROW()/1000000,0))
A27: =IF(예산!A27="","",예산!A27) | B27: =IF(예산!B27="","",예산!B27) | C27: =IF(예산!C27="","",예산!C27) | D27: =IF($A27="","",SUMIFS(INDEX(예산!$D$5:$O$204,0,설정!$B$4),예산!$A$5:$A$204,$A27)) | E27: =IF($A27="","",SUMIFS(INDEX(실적!$D$5:$O$204,0,설정!$B$4),실적!$A$5:$A$204,$A27)) | F27: =IF($A27="","",E27-D27) | G27: =IF($A27="","",IF(D27=0,"n/a",F27/ABS(D27))) | H27: =IF($A27="","",IF(F27=0,"-",IF((C27="매출")=(F27>0),"유리","불리"))) | I27: =IF($A27="","",SUMPRODUCT((예산!$A$5:$A$204=$A27)*(COLUMN(예산!$D$4:$O$4)-COLUMN(예산!$D$4)+1<=설정!$B$4)*예산!$D$5:$O$204)) | J27: =IF($A27="","",SUMPRODUCT((실적!$A$5:$A$204=$A27)*(COLUMN(실적!$D$4:$O$4)-COLUMN(실적!$D$4)+1<=설정!$B$4)*실적!$D$5:$O$204)) | K27: =IF($A27="","",J27-I27) | L27: =IF($A27="","",IF(I27=0,"n/a",K27/ABS(I27))) | M27: =IF($A27="","",IF(K27=0,"-",IF((C27="매출")=(K27>0),"유리","불리"))) | N27: =IF($A27="","",IF(AND(ABS(F27)>=설정!$B$5,OR(D27=0,ABS(IF(D27=0,0,F27/D27))>=설정!$B$6)),"●","")) | P27: =IF($A27="","",IF(N27="","",B27&": 당월 실적 "&TEXT(E27,"#,##0")&설정!$B$7&"으로 예산 대비 "&TEXT(ABS(F27),"#,##0")&설정!$B$7&"("&IF(D27=0,"예산 없음",TEXT(ABS(G27),"0.0%"))&") "&IF(C27="매출",IF(F27>0,"상회","하회"),IF(F27>0,"초과","절감"))&" ["&H27&"]. 원인: "&IF(O27="","___",O27))) | Q27: =IF($A27="","",IF(N27="●",ABS(F27)+ROW()/1000000,0))
... A204: =IF(예산!A204="","",예산!A204) | B204: =IF(예산!B204="","",예산!B204) | C204: =IF(예산!C204="","",예산!C204) | D204: =IF($A204="","",SUMIFS(INDEX(예산!$D$5:$O$204,0,설정!$B$4),예산!$A$5:$A$204,$A204)) | E204: =IF($A204="","",SUMIFS(INDEX(실적!$D$5:$O$204,0,설정!$B$4),실적!$A$5:$A$204,$A204)) | F204: =IF($A204="","",E204-D204) | G204: =IF($A204="","",IF(D204=0,"n/a",F204/ABS(D204))) | H204: =IF($A204="","",IF(F204=0,"-",IF((C204="매출")=(F204>0),"유리","불리"))) | I204: =IF($A204="","",SUMPRODUCT((예산!$A$5:$A$204=$A204)*(COLUMN(예산!$D$4:$O$4)-COLUMN(예산!$D$4)+1<=설정!$B$4)*예산!$D$5:$O$204)) | J204: =IF($A204="","",SUMPRODUCT((실적!$A$5:$A$204=$A204)*(COLUMN(실적!$D$4:$O$4)-COLUMN(실적!$D$4)+1<=설정!$B$4)*실적!$D$5:$O$204)) | K204: =IF($A204="","",J204-I204) | L204: =IF($A204="","",IF(I204=0,"n/a",K204/ABS(I204))) | M204: =IF($A204="","",IF(K204=0,"-",IF((C204="매출")=(K204>0),"유리","불리"))) | N204: =IF($A204="","",IF(AND(ABS(F204)>=설정!$B$5,OR(D204=0,ABS(IF(D204=0,0,F204/D204))>=설정!$B$6)),"●","")) | P204: =IF($A204="","",IF(N204="","",B204&": 당월 실적 "&TEXT(E204,"#,##0")&설정!$B$7&"으로 예산 대비 "&TEXT(ABS(F204),"#,##0")&설정!$B$7&"("&IF(D204=0,"예산 없음",TEXT(ABS(G204),"0.0%"))&") "&IF(C204="매출",IF(F204>0,"상회","하회"),IF(F204>0,"초과","절감"))&" ["&H204&"]. 원인: "&IF(O204="","___",O204))) | Q204: =IF($A204="","",IF(N204="●",ABS(F204)+ROW()/1000000,0))
